kumu_id,label,type,subtype,parent,contour,branch,scale,status,tags,description,source_url
org_article_ivanov2022,Статья «Неформальная структура элитного пространства России» (аналитический слой),organization,источник,,аналитический контур,аналитическая,федеральный,текущий,источник;аналитический контур;федеральный;research_overlay,Служебный аналитический источник для интеграции узлов и неформальных связей из сетевого исследования элиты России (срез 2020 года).,https://politeia.ru/files/articles/rus/Politeia-2022-1(104)-72-91.pdf ; file:///mnt/data/neformalnaya-struktura-elitnogo-prostranstva-rossii-opyt-setevogo-analiza.pdf
org_regional_prosecutor_corps,Корпус региональных прокуратур субъектов РФ,organization,аналитический составной узел,,аналитический контур,контрольная,федеральный,аналитический,аналитический составной узел;аналитический контур;федеральный;research_overlay,"Аналитический составной узел для корпуса региональных прокуроров в исследовании Туровского, Суховой и Функ.",file:///mnt/data/2024 Сравнительная политика Вертикаль и патронаж.pdf
org_regional_mvd_corps,"Корпус региональных управлений (главных управлений, министерств) МВД по субъектам РФ",organization,аналитический составной узел,,аналитический контур,исполнительная,федеральный,аналитический,аналитический составной узел;аналитический контур;федеральный;research_overlay,"Аналитический составной узел для корпуса региональных руководителей МВД в исследовании Туровского, Суховой и Функ.",file:///mnt/data/2024 Сравнительная политика Вертикаль и патронаж.pdf
org_article_turovsky2024,Статья «Вертикаль и патронаж: ротации силовых элит в регионах России» (аналитический слой),organization,источник,,аналитический контур,аналитическая,федеральный,текущий,источник;аналитический контур;федеральный;research_overlay,"Служебный аналитический источник для интеграции паттернов ротации силовых элит, кейсов патронажа и дополнительных персоналий из статьи 2024 года.",https://cyberleninka.ru/article/n/vertikal-i-patronazh-rotatsii-silovyh-elit-v-regionah-rossii ; file:///mnt/data/2024 Сравнительная политика Вертикаль и патронаж.pdf
pos_article_analytic_person,"Участник элитной сети в статье Иванова, Мельникова и Петрова",position,аналитическая фиксация,org_article_ivanov2022,,,,текущий,аналитический;аналитическая фиксация;research_overlay,Техническая позиция для интеграции персоналий из статьи в общую онтологию без подмены их формального статуса.,https://politeia.ru/files/articles/rus/Politeia-2022-1(104)-72-91.pdf ; file:///mnt/data/neformalnaya-struktura-elitnogo-prostranstva-rossii-opyt-setevogo-analiza.pdf
pos_regional_prosecutor_head,Прокурор субъекта Российской Федерации,position,назначение,org_regional_prosecutor_corps,,,,аналитический,региональный;назначение;research_overlay,Служебная аналитическая позиция для корпусного слоя статьи 2024 года.,file:///mnt/data/2024 Сравнительная политика Вертикаль и патронаж.pdf
pos_regional_mvd_head,Начальник/министр внутренних дел субъекта Российской Федерации,position,назначение,org_regional_mvd_corps,,,,аналитический,региональный;назначение;research_overlay,Служебная аналитическая позиция для корпусного слоя статьи 2024 года.,file:///mnt/data/2024 Сравнительная политика Вертикаль и патронаж.pdf
pos_article_turovsky2024_person,"Участник корпуса и кейсов патронажа в статье Туровского, Суховой и Функ",position,аналитическая фиксация,org_article_turovsky2024,,,,аналитический,аналитический;аналитическая фиксация;research_overlay,Техническая позиция для интеграции персоналий и кейсов статьи 2024 года в общую онтологию.,https://cyberleninka.ru/article/n/vertikal-i-patronazh-rotatsii-silovyh-elit-v-regionah-rossii ; file:///mnt/data/2024 Сравнительная политика Вертикаль и патронаж.pdf
prs_msg_1646d804dd,Пригожин Евгений,person,смешанный,,,,,аналитический,смешанный;research_overlay,Персоналия добавлена как участник/объект упоминаний в сообщениях; текущая официальная роль не нормализована в этом слое.,file:///mnt/data/messages.html
prs_msg_57d32a41ad,Кадыров Рамзан,person,смешанный,,,,,аналитический,смешанный;research_overlay,Персоналия добавлена как участник/объект упоминаний в сообщениях; текущая официальная роль не нормализована в этом слое.,file:///mnt/data/messages.html
prs_msg_c6fc806f88,Собянин Сергей,person,смешанный,,,,,аналитический,смешанный;research_overlay,Персоналия добавлена как участник/объект упоминаний в сообщениях; текущая официальная роль не нормализована в этом слое.,file:///mnt/data/messages.html
prs_msg_43a5eabc73,Громов Алексей,person,смешанный,,,,,аналитический,смешанный;research_overlay,Персоналия добавлена как участник/объект упоминаний в сообщениях; текущая официальная роль не нормализована в этом слое.,file:///mnt/data/messages.html
prs_msg_03457b8fda,Патрушев Николай,person,смешанный,,,,,аналитический,смешанный;research_overlay,Персоналия добавлена как участник/объект упоминаний в сообщениях; текущая официальная роль не нормализована в этом слое.,file:///mnt/data/messages.html
prs_msg_4c62670a63,Миронов Дмитрий,person,смешанный,,,,,аналитический,смешанный;research_overlay,Персоналия добавлена как участник/объект упоминаний в сообщениях; текущая официальная роль не нормализована в этом слое.,file:///mnt/data/messages.html
prs_msg_ed56d136c0,Левитин Игорь,person,смешанный,,,,,аналитический,смешанный;research_overlay,Персоналия добавлена как участник/объект упоминаний в сообщениях; текущая официальная роль не нормализована в этом слое.,file:///mnt/data/messages.html
prs_msg_a07b0013b8,Кремлёв Умар,person,смешанный,,,,,аналитический,смешанный;research_overlay,Персоналия добавлена как участник/объект упоминаний в сообщениях; текущая официальная роль не нормализована в этом слое.,file:///mnt/data/messages.html
prs_msg_87cc2fce59,Кочнев Дмитрий,person,смешанный,,,,,аналитический,смешанный;research_overlay,Персоналия добавлена как участник/объект упоминаний в сообщениях; текущая официальная роль не нормализована в этом слое.,file:///mnt/data/messages.html
prs_msg_65ea5e5fa2,Рубежной Алексей,person,смешанный,,,,,аналитический,смешанный;research_overlay,Персоналия добавлена как участник/объект упоминаний в сообщениях; текущая официальная роль не нормализована в этом слое.,file:///mnt/data/messages.html
prs_msg_bd9da71fca,Турчак Андрей,person,смешанный,,,,,аналитический,смешанный;research_overlay,Персоналия добавлена как участник/объект упоминаний в сообщениях; текущая официальная роль не нормализована в этом слое.,file:///mnt/data/messages.html
prs_msg_f483ea4439,Зюганов Геннадий,person,смешанный,,,,,аналитический,смешанный;research_overlay,Персоналия добавлена как участник/объект упоминаний в сообщениях; текущая официальная роль не нормализована в этом слое.,file:///mnt/data/messages.html
prs_msg_bc72686687,Слуцкий Леонид,person,смешанный,,,,,аналитический,смешанный;research_overlay,Персоналия добавлена как участник/объект упоминаний в сообщениях; текущая официальная роль не нормализована в этом слое.,file:///mnt/data/messages.html
prs_msg_2cae3e743b,Миронов Сергей,person,смешанный,,,,,аналитический,смешанный;research_overlay,Персоналия добавлена как участник/объект упоминаний в сообщениях; текущая официальная роль не нормализована в этом слое.,file:///mnt/data/messages.html
prs_msg_77523e0fa4,Нечаев Алексей,person,смешанный,,,,,аналитический,смешанный;research_overlay,Персоналия добавлена как участник/объект упоминаний в сообщениях; текущая официальная роль не нормализована в этом слое.,file:///mnt/data/messages.html
prs_msg_07e84a0c26,Явлинский Григорий,person,смешанный,,,,,аналитический,смешанный;research_overlay,Персоналия добавлена как участник/объект упоминаний в сообщениях; текущая официальная роль не нормализована в этом слое.,file:///mnt/data/messages.html
prs_msg_95d397eec6,Афонин Юрий,person,смешанный,,,,,аналитический,смешанный;research_overlay,Персоналия добавлена как участник/объект упоминаний в сообщениях; текущая официальная роль не нормализована в этом слое.,file:///mnt/data/messages.html
prs_msg_876c120e06,Сокол Сергей,person,смешанный,,,,,аналитический,смешанный;research_overlay,Персоналия добавлена как участник/объект упоминаний в сообщениях; текущая официальная роль не нормализована в этом слое.,file:///mnt/data/messages.html
prs_msg_0ec92e4189,Коновалов Валентин,person,смешанный,,,,,аналитический,смешанный;research_overlay,Персоналия добавлена как участник/объект упоминаний в сообщениях; текущая официальная роль не нормализована в этом слое.,file:///mnt/data/messages.html
prs_msg_41928ac17c,Гладков Вячеслав,person,смешанный,,,,,аналитический,смешанный;research_overlay,Персоналия добавлена как участник/объект упоминаний в сообщениях; текущая официальная роль не нормализована в этом слое.,file:///mnt/data/messages.html
prs_msg_6d83dd94ab,Филимонов Георгий,person,смешанный,,,,,аналитический,смешанный;research_overlay,Персоналия добавлена как участник/объект упоминаний в сообщениях; текущая официальная роль не нормализована в этом слое.,file:///mnt/data/messages.html
prs_msg_33b6aba646,Мордашов Алексей,person,смешанный,,,,,аналитический,смешанный;research_overlay,Персоналия добавлена как участник/объект упоминаний в сообщениях; текущая официальная роль не нормализована в этом слое.,file:///mnt/data/messages.html
prs_msg_cf154367aa,Мильская Елена,person,смешанный,,,,,аналитический,смешанный;research_overlay,Персоналия добавлена как участник/объект упоминаний в сообщениях; текущая официальная роль не нормализована в этом слое.,file:///mnt/data/messages.html
prs_msg_4ee4b4aee1,Пригожин Павел,person,смешанный,,,,,аналитический,смешанный;research_overlay,Персоналия добавлена как участник/объект упоминаний в сообщениях; текущая официальная роль не нормализована в этом слое.,file:///mnt/data/messages.html
prs_msg_97c78150a4,Суровикин Сергей,person,смешанный,,,,,аналитический,смешанный;research_overlay,Персоналия добавлена как участник/объект упоминаний в сообщениях; текущая официальная роль не нормализована в этом слое.,file:///mnt/data/messages.html
prs_msg_8cb1c04c25,Аверьянов Андрей,person,смешанный,,,,,аналитический,смешанный;research_overlay,Персоналия добавлена как участник/объект упоминаний в сообщениях; текущая официальная роль не нормализована в этом слое.,file:///mnt/data/messages.html
prs_msg_d45135ff9c,Евкуров Юнус-Бек,person,смешанный,,,,,аналитический,смешанный;research_overlay,Персоналия добавлена как участник/объект упоминаний в сообщениях; текущая официальная роль не нормализована в этом слое.,file:///mnt/data/messages.html
prs_msg_49e0cf30a0,Трошев Андрей,person,смешанный,,,,,аналитический,смешанный;research_overlay,Персоналия добавлена как участник/объект упоминаний в сообщениях; текущая официальная роль не нормализована в этом слое.,file:///mnt/data/messages.html
prs_msg_d7471af42d,Мартынов Данил,person,смешанный,,,,,аналитический,смешанный;research_overlay,Персоналия добавлена как участник/объект упоминаний в сообщениях; текущая официальная роль не нормализована в этом слое.,file:///mnt/data/messages.html
prs_msg_2eb4928381,Алаудинов Апти,person,смешанный,,,,,аналитический,смешанный;research_overlay,Персоналия добавлена как участник/объект упоминаний в сообщениях; текущая официальная роль не нормализована в этом слое.,file:///mnt/data/messages.html
prs_msg_7539b23f40,Делимханов Адам,person,смешанный,,,,,аналитический,смешанный;research_overlay,Персоналия добавлена как участник/объект упоминаний в сообщениях; текущая официальная роль не нормализована в этом слое.,file:///mnt/data/messages.html
prs_msg_f41cf9275a,Геремеев Руслан,person,смешанный,,,,,аналитический,смешанный;research_overlay,Персоналия добавлена как участник/объект упоминаний в сообщениях; текущая официальная роль не нормализована в этом слое.,file:///mnt/data/messages.html
prs_msg_12ca299999,Чалаев ,person,смешанный,,,,,аналитический,смешанный;research_overlay,Персоналия добавлена как участник/объект упоминаний в сообщениях; текущая официальная роль не нормализована в этом слое.,file:///mnt/data/messages.html
prs_msg_81591aa79d,Шейман Виктор,person,смешанный,,,,,аналитический,смешанный;research_overlay,Персоналия добавлена как участник/объект упоминаний в сообщениях; текущая официальная роль не нормализована в этом слое.,file:///mnt/data/messages.html
prs_msg_44e85ab3ef,Цивилёва Анна,person,смешанный,,,,,аналитический,смешанный;research_overlay,Персоналия добавлена как участник/объект упоминаний в сообщениях; текущая официальная роль не нормализована в этом слое.,file:///mnt/data/messages.html
prs_msg_3699e5f379,Чуприян Александр,person,смешанный,,,,,аналитический,смешанный;research_overlay,Персоналия добавлена как участник/объект упоминаний в сообщениях; текущая официальная роль не нормализована в этом слое.,file:///mnt/data/messages.html
prs_msg_ab569535d0,Навальный Алексей,person,смешанный,,,,,аналитический,смешанный;research_overlay,Персоналия добавлена как участник/объект упоминаний в сообщениях; текущая официальная роль не нормализована в этом слое.,file:///mnt/data/messages.html
prs_msg_dec6b82bc6,Кара-Мурза Владимир,person,смешанный,,,,,аналитический,смешанный;research_overlay,Персоналия добавлена как участник/объект упоминаний в сообщениях; текущая официальная роль не нормализована в этом слое.,file:///mnt/data/messages.html
prs_msg_bb49030705,Яшин Илья,person,смешанный,,,,,аналитический,смешанный;research_overlay,Персоналия добавлена как участник/объект упоминаний в сообщениях; текущая официальная роль не нормализована в этом слое.,file:///mnt/data/messages.html
prs_msg_06479db4a0,Собчак Ксения,person,смешанный,,,,,аналитический,смешанный;research_overlay,Персоналия добавлена как участник/объект упоминаний в сообщениях; текущая официальная роль не нормализована в этом слое.,file:///mnt/data/messages.html
prs_msg_6a70bd3d55,Пономарёв Илья,person,смешанный,,,,,аналитический,смешанный;research_overlay,Персоналия добавлена как участник/объект упоминаний в сообщениях; текущая официальная роль не нормализована в этом слое.,file:///mnt/data/messages.html
prs_msg_83b5ed7dc5,Невзоров Александр,person,смешанный,,,,,аналитический,смешанный;research_overlay,Персоналия добавлена как участник/объект упоминаний в сообщениях; текущая официальная роль не нормализована в этом слое.,file:///mnt/data/messages.html
prs_msg_82ad2dc7d1,Ходорковский Михаил,person,смешанный,,,,,аналитический,смешанный;research_overlay,Персоналия добавлена как участник/объект упоминаний в сообщениях; текущая официальная роль не нормализована в этом слое.,file:///mnt/data/messages.html
prs_msg_8be462ad7c,Кац Максим,person,смешанный,,,,,аналитический,смешанный;research_overlay,Персоналия добавлена как участник/объект упоминаний в сообщениях; текущая официальная роль не нормализована в этом слое.,file:///mnt/data/messages.html
prs_msg_9a2c7dc8a9,Светов Михаил,person,смешанный,,,,,аналитический,смешанный;research_overlay,Персоналия добавлена как участник/объект упоминаний в сообщениях; текущая официальная роль не нормализована в этом слое.,file:///mnt/data/messages.html
prs_msg_d2c99f04c5,Каспаров Гарри,person,смешанный,,,,,аналитический,смешанный;research_overlay,Персоналия добавлена как участник/объект упоминаний в сообщениях; текущая официальная роль не нормализована в этом слое.,file:///mnt/data/messages.html
prs_msg_7d43122a33,Тимченко Галина,person,смешанный,,,,,аналитический,смешанный;research_overlay,Персоналия добавлена как участник/объект упоминаний в сообщениях; текущая официальная роль не нормализована в этом слое.,file:///mnt/data/messages.html
prs_msg_c764f6b5b6,Синдеева Наталья,person,смешанный,,,,,аналитический,смешанный;research_overlay,Персоналия добавлена как участник/объект упоминаний в сообщениях; текущая официальная роль не нормализована в этом слое.,file:///mnt/data/messages.html
prs_msg_f8d0e23fbf,Тимакова Наталья,person,смешанный,,,,,аналитический,смешанный;research_overlay,Персоналия добавлена как участник/объект упоминаний в сообщениях; текущая официальная роль не нормализована в этом слое.,file:///mnt/data/messages.html
prs_msg_637f67c1c8,Курников Вадим,person,смешанный,,,,,аналитический,смешанный;research_overlay,Персоналия добавлена как участник/объект упоминаний в сообщениях; текущая официальная роль не нормализована в этом слое.,file:///mnt/data/messages.html
prs_msg_0345dba93f,Шульман Екатерина,person,смешанный,,,,,аналитический,смешанный;research_overlay,Персоналия добавлена как участник/объект упоминаний в сообщениях; текущая официальная роль не нормализована в этом слое.,file:///mnt/data/messages.html
prs_msg_e766163509,Муратов Дмитрий,person,смешанный,,,,,аналитический,смешанный;research_overlay,Персоналия добавлена как участник/объект упоминаний в сообщениях; текущая официальная роль не нормализована в этом слое.,file:///mnt/data/messages.html
prs_msg_6b22c9f90a,Плющев Александр,person,смешанный,,,,,аналитический,смешанный;research_overlay,Персоналия добавлена как участник/объект упоминаний в сообщениях; текущая официальная роль не нормализована в этом слое.,file:///mnt/data/messages.html
prs_msg_829afdc736,Фельгенгауэр Татьяна,person,смешанный,,,,,аналитический,смешанный;research_overlay,Персоналия добавлена как участник/объект упоминаний в сообщениях; текущая официальная роль не нормализована в этом слое.,file:///mnt/data/messages.html
prs_msg_3a8d01a244,Филиппенко Александр,person,смешанный,,,,,аналитический,смешанный;research_overlay,Персоналия добавлена как участник/объект упоминаний в сообщениях; текущая официальная роль не нормализована в этом слое.,file:///mnt/data/messages.html
prs_msg_31fdc9a8ff,Наки Майкл,person,смешанный,,,,,аналитический,смешанный;research_overlay,Персоналия добавлена как участник/объект упоминаний в сообщениях; текущая официальная роль не нормализована в этом слое.,file:///mnt/data/messages.html
prs_msg_a23ceff572,Смирнов ,person,смешанный,,,,,аналитический,смешанный;research_overlay,Персоналия добавлена как участник/объект упоминаний в сообщениях; текущая официальная роль не нормализована в этом слое.,file:///mnt/data/messages.html
prs_msg_e41a160dc3,Трудолюбов Максим,person,смешанный,,,,,аналитический,смешанный;research_overlay,Персоналия добавлена как участник/объект упоминаний в сообщениях; текущая официальная роль не нормализована в этом слое.,file:///mnt/data/messages.html
prs_msg_621abe278c,Фейгин Марк,person,смешанный,,,,,аналитический,смешанный;research_overlay,Персоналия добавлена как участник/объект упоминаний в сообщениях; текущая официальная роль не нормализована в этом слое.,file:///mnt/data/messages.html
prs_msg_0cdf655989,Ларина Ксения,person,смешанный,,,,,аналитический,смешанный;research_overlay,Персоналия добавлена как участник/объект упоминаний в сообщениях; текущая официальная роль не нормализована в этом слое.,file:///mnt/data/messages.html
prs_msg_b836cedd5d,Тихановская Светлана,person,смешанный,,,,,аналитический,смешанный;research_overlay,Персоналия добавлена как участник/объект упоминаний в сообщениях; текущая официальная роль не нормализована в этом слое.,file:///mnt/data/messages.html
prs_msg_de4b1a416d,Фридман Михаил,person,смешанный,,,,,аналитический,смешанный;research_overlay,Персоналия добавлена как участник/объект упоминаний в сообщениях; текущая официальная роль не нормализована в этом слое.,file:///mnt/data/messages.html
prs_msg_845eec839e,Ярош Дмитрий,person,смешанный,,,,,аналитический,смешанный;research_overlay,Персоналия добавлена как участник/объект упоминаний в сообщениях; текущая официальная роль не нормализована в этом слое.,file:///mnt/data/messages.html
prs_msg_4408018f00,Феоктистов Олег,person,смешанный,,,,,аналитический,смешанный;research_overlay,Персоналия добавлена как участник/объект упоминаний в сообщениях; текущая официальная роль не нормализована в этом слое.,file:///mnt/data/messages.html
prs_msg_664ff9c707,Черкесов Виктор,person,смешанный,,,,,аналитический,смешанный;research_overlay,Персоналия добавлена как участник/объект упоминаний в сообщениях; текущая официальная роль не нормализована в этом слое.,file:///mnt/data/messages.html
prs_msg_46c556c4bf,Пугачёв Сергей,person,смешанный,,,,,аналитический,смешанный;research_overlay,Персоналия добавлена как участник/объект упоминаний в сообщениях; текущая официальная роль не нормализована в этом слое.,file:///mnt/data/messages.html
prs_msg_0ea65ea0ff,Вороненков Денис,person,смешанный,,,,,аналитический,смешанный;research_overlay,Персоналия добавлена как участник/объект упоминаний в сообщениях; текущая официальная роль не нормализована в этом слое.,file:///mnt/data/messages.html
prs_msg_01c80b7ee2,Зиничев Евгений,person,смешанный,,,,,аналитический,смешанный;research_overlay,Персоналия добавлена как участник/объект упоминаний в сообщениях; текущая официальная роль не нормализована в этом слое.,file:///mnt/data/messages.html
prs_msg_3815327e14,Ролдугин Сергей,person,смешанный,,,,,аналитический,смешанный;research_overlay,Персоналия добавлена как участник/объект упоминаний в сообщениях; текущая официальная роль не нормализована в этом слое.,file:///mnt/data/messages.html
prs_msg_fc8a7ceed1,Кабаева Алина,person,смешанный,,,,,аналитический,смешанный;research_overlay,Персоналия добавлена как участник/объект упоминаний в сообщениях; текущая официальная роль не нормализована в этом слое.,file:///mnt/data/messages.html
prs_msg_e20edfaef8,Чубайс Анатолий,person,смешанный,,,,,аналитический,смешанный;research_overlay,Персоналия добавлена как участник/объект упоминаний в сообщениях; текущая официальная роль не нормализована в этом слое.,file:///mnt/data/messages.html
prs_msg_ea6158da32,Надеждин Борис,person,смешанный,,,,,аналитический,смешанный;research_overlay,Персоналия добавлена как участник/объект упоминаний в сообщениях; текущая официальная роль не нормализована в этом слое.,file:///mnt/data/messages.html
prs_msg_88621f2a28,Шлосберг Лев,person,смешанный,,,,,аналитический,смешанный;research_overlay,Персоналия добавлена как участник/объект упоминаний в сообщениях; текущая официальная роль не нормализована в этом слое.,file:///mnt/data/messages.html
prs_msg_2b69bd675e,Вишневский Борис,person,смешанный,,,,,аналитический,смешанный;research_overlay,Персоналия добавлена как участник/объект упоминаний в сообщениях; текущая официальная роль не нормализована в этом слое.,file:///mnt/data/messages.html
prs_msg_44de9b8869,Богомаз Александр,person,смешанный,,,,,аналитический,смешанный;research_overlay,Персоналия добавлена как участник/объект упоминаний в сообщениях; текущая официальная роль не нормализована в этом слое.,file:///mnt/data/messages.html
prs_msg_a71c110279,Лукашенко Александр,person,смешанный,,,,,аналитический,смешанный;research_overlay,Персоналия добавлена как участник/объект упоминаний в сообщениях; текущая официальная роль не нормализована в этом слое.,file:///mnt/data/messages.html
prs_msg_d7a20a19e5,Лукашенко Виктор,person,смешанный,,,,,аналитический,смешанный;research_overlay,Персоналия добавлена как участник/объект упоминаний в сообщениях; текущая официальная роль не нормализована в этом слое.,file:///mnt/data/messages.html
prs_msg_0b6014e269,Ковальчук Юрий,person,смешанный,,,,,аналитический,смешанный;research_overlay,Персоналия добавлена как участник/объект упоминаний в сообщениях; текущая официальная роль не нормализована в этом слое.,file:///mnt/data/messages.html
prs_msg_3d282ad417,Дмитриев Кирилл,person,смешанный,,,,,аналитический,смешанный;research_overlay,Персоналия добавлена как участник/объект упоминаний в сообщениях; текущая официальная роль не нормализована в этом слое.,file:///mnt/data/messages.html
prs_msg_8f41d037fb,Иванов Сергей,person,смешанный,,,,,аналитический,смешанный;research_overlay,Персоналия добавлена как участник/объект упоминаний в сообщениях; текущая официальная роль не нормализована в этом слое.,file:///mnt/data/messages.html
prs_msg_d4423c1bef,Иванов Андрей,person,смешанный,,,,,аналитический,смешанный;research_overlay,Персоналия добавлена как участник/объект упоминаний в сообщениях; текущая официальная роль не нормализована в этом слое.,file:///mnt/data/messages.html
prs_msg_db44d4af5c,Иванов Тимур,person,смешанный,,,,,аналитический,смешанный;research_overlay,Персоналия добавлена как участник/объект упоминаний в сообщениях; текущая официальная роль не нормализована в этом слое.,file:///mnt/data/messages.html
prs_msg_36adb2bdca,Попов Иван,person,смешанный,,,,,аналитический,смешанный;research_overlay,Персоналия добавлена как участник/объект упоминаний в сообщениях; текущая официальная роль не нормализована в этом слое.,file:///mnt/data/messages.html
prs_msg_f5a94cdba1,Мединский Владимир,person,смешанный,,,,,аналитический,смешанный;research_overlay,Персоналия добавлена как участник/объект упоминаний в сообщениях; текущая официальная роль не нормализована в этом слое.,file:///mnt/data/messages.html
prs_msg_8c8ade8703,Венедиктов Алексей,person,смешанный,,,,,аналитический,смешанный;research_overlay,Персоналия добавлена как участник/объект упоминаний в сообщениях; текущая официальная роль не нормализована в этом слое.,file:///mnt/data/messages.html
prs_kozak,Козак Дмитрий,person,смешанный,,,,,аналитический,смешанный;research_overlay,Персоналия добавлена как узел элитной сети по статье; текущая официальная роль в этом слое не нормализуется.,https://politeia.ru/files/articles/rus/Politeia-2022-1(104)-72-91.pdf ; file:///mnt/data/neformalnaya-struktura-elitnogo-prostranstva-rossii-opyt-setevogo-analiza.pdf
prs_ditrikh,Дитрих Евгений,person,смешанный,,,,,аналитический,смешанный;research_overlay,Персоналия добавлена как узел элитной сети по статье; текущая официальная роль в этом слое не нормализуется.,https://politeia.ru/files/articles/rus/Politeia-2022-1(104)-72-91.pdf ; file:///mnt/data/neformalnaya-struktura-elitnogo-prostranstva-rossii-opyt-setevogo-analiza.pdf
prs_artemyev,Артемьев Игорь,person,смешанный,,,,,аналитический,смешанный;research_overlay,Персоналия добавлена как узел элитной сети по статье; текущая официальная роль в этом слое не нормализуется.,https://politeia.ru/files/articles/rus/Politeia-2022-1(104)-72-91.pdf ; file:///mnt/data/neformalnaya-struktura-elitnogo-prostranstva-rossii-opyt-setevogo-analiza.pdf
prs_rotenberg_arkady,Ротенберг Аркадий,person,смешанный,,,,,аналитический,смешанный;research_overlay,Персоналия добавлена как узел элитной сети по статье; текущая официальная роль в этом слое не нормализуется.,https://politeia.ru/files/articles/rus/Politeia-2022-1(104)-72-91.pdf ; file:///mnt/data/neformalnaya-struktura-elitnogo-prostranstva-rossii-opyt-setevogo-analiza.pdf
prs_ernst,Эрнст Константин,person,медийный,,,,,аналитический,медийный;research_overlay,Персоналия добавлена как узел элитной сети по статье; текущая официальная роль в этом слое не нормализуется.,https://politeia.ru/files/articles/rus/Politeia-2022-1(104)-72-91.pdf ; file:///mnt/data/neformalnaya-struktura-elitnogo-prostranstva-rossii-opyt-setevogo-analiza.pdf
prs_usmanov,Усманов Алишер,person,смешанный,,,,,аналитический,смешанный;research_overlay,Персоналия добавлена как узел элитной сети по статье; текущая официальная роль в этом слое не нормализуется.,https://politeia.ru/files/articles/rus/Politeia-2022-1(104)-72-91.pdf ; file:///mnt/data/neformalnaya-struktura-elitnogo-prostranstva-rossii-opyt-setevogo-analiza.pdf
prs_kudrin,Кудрин Алексей,person,экспертный,,,,,аналитический,экспертный;research_overlay,Персоналия добавлена как узел элитной сети по статье; текущая официальная роль в этом слое не нормализуется.,https://politeia.ru/files/articles/rus/Politeia-2022-1(104)-72-91.pdf ; file:///mnt/data/neformalnaya-struktura-elitnogo-prostranstva-rossii-opyt-setevogo-analiza.pdf
prs_borisov_yuriy,Борисов Юрий,person,смешанный,,,,,аналитический,смешанный;research_overlay,Персоналия добавлена как узел элитной сети по статье; текущая официальная роль в этом слое не нормализуется.,https://politeia.ru/files/articles/rus/Politeia-2022-1(104)-72-91.pdf ; file:///mnt/data/neformalnaya-struktura-elitnogo-prostranstva-rossii-opyt-setevogo-analiza.pdf
prs_gerasimov,Герасимов Валерий,person,силовой,,,,,аналитический,силовой;research_overlay,Персоналия добавлена как узел элитной сети по статье; текущая официальная роль в этом слое не нормализуется.,https://politeia.ru/files/articles/rus/Politeia-2022-1(104)-72-91.pdf ; file:///mnt/data/neformalnaya-struktura-elitnogo-prostranstva-rossii-opyt-setevogo-analiza.pdf
prs_deripaska,Дерипаска Олег,person,смешанный,,,,,аналитический,смешанный;research_overlay,Персоналия добавлена как узел элитной сети по статье; текущая официальная роль в этом слое не нормализуется.,https://politeia.ru/files/articles/rus/Politeia-2022-1(104)-72-91.pdf ; file:///mnt/data/neformalnaya-struktura-elitnogo-prostranstva-rossii-opyt-setevogo-analiza.pdf
prs_kostin,Костин Андрей,person,смешанный,,,,,аналитический,смешанный;research_overlay,Персоналия добавлена как узел элитной сети по статье; текущая официальная роль в этом слое не нормализуется.,https://politeia.ru/files/articles/rus/Politeia-2022-1(104)-72-91.pdf ; file:///mnt/data/neformalnaya-struktura-elitnogo-prostranstva-rossii-opyt-setevogo-analiza.pdf
prs_alekperov,Алекперов Вагит,person,смешанный,,,,,аналитический,смешанный;research_overlay,Персоналия добавлена как узел элитной сети по статье; текущая официальная роль в этом слое не нормализуется.,https://politeia.ru/files/articles/rus/Politeia-2022-1(104)-72-91.pdf ; file:///mnt/data/neformalnaya-struktura-elitnogo-prostranstva-rossii-opyt-setevogo-analiza.pdf
prs_timchenko_gennady,Тимченко Геннадий,person,смешанный,,,,,аналитический,смешанный;research_overlay,Персоналия добавлена как узел элитной сети по статье; текущая официальная роль в этом слое не нормализуется.,https://politeia.ru/files/articles/rus/Politeia-2022-1(104)-72-91.pdf ; file:///mnt/data/neformalnaya-struktura-elitnogo-prostranstva-rossii-opyt-setevogo-analiza.pdf
prs_kirill_patriarch,Кирилл (патриарх),person,символический,,,,,аналитический,символический;research_overlay,Персоналия добавлена как узел элитной сети по статье; текущая официальная роль в этом слое не нормализуется.,https://politeia.ru/files/articles/rus/Politeia-2022-1(104)-72-91.pdf ; file:///mnt/data/neformalnaya-struktura-elitnogo-prostranstva-rossii-opyt-setevogo-analiza.pdf
prs_vinokurov_alexander,Винокуров Александр,person,смешанный,,,,,аналитический,смешанный;research_overlay,Персоналия добавлена как узел элитной сети по статье; текущая официальная роль в этом слое не нормализуется.,https://politeia.ru/files/articles/rus/Politeia-2022-1(104)-72-91.pdf ; file:///mnt/data/neformalnaya-struktura-elitnogo-prostranstva-rossii-opyt-setevogo-analiza.pdf
prs_ignatova_anastasia,Игнатова Анастасия,person,смешанный,,,,,аналитический,смешанный;research_overlay,Персоналия добавлена как узел элитной сети по статье; текущая официальная роль в этом слое не нормализуется.,https://politeia.ru/files/articles/rus/Politeia-2022-1(104)-72-91.pdf ; file:///mnt/data/neformalnaya-struktura-elitnogo-prostranstva-rossii-opyt-setevogo-analiza.pdf
prs_gromova_anna,Громова Анна,person,символический,,,,,аналитический,символический;research_overlay,Персоналия добавлена как узел элитной сети по статье; текущая официальная роль в этом слое не нормализуется.,https://politeia.ru/files/articles/rus/Politeia-2022-1(104)-72-91.pdf ; file:///mnt/data/neformalnaya-struktura-elitnogo-prostranstva-rossii-opyt-setevogo-analiza.pdf
prs_chaika_yuriy,Юрий Чайка,person,силовой,,,,,аналитический,силовой;research_overlay,Персоналия добавлена как участник кейсов ротации и/или патронажа в статье 2024 года; текущая официальная роль в этом слое не нормализуется.,https://cyberleninka.ru/article/n/vertikal-i-patronazh-rotatsii-silovyh-elit-v-regionah-rossii ; file:///mnt/data/2024 Сравнительная политика Вертикаль и патронаж.pdf
prs_ustinov_vladimir,Владимир Устинов,person,силовой,,,,,аналитический,силовой;research_overlay,Персоналия добавлена как участник кейсов ротации и/или патронажа в статье 2024 года; текущая официальная роль в этом слое не нормализуется.,https://cyberleninka.ru/article/n/vertikal-i-patronazh-rotatsii-silovyh-elit-v-regionah-rossii ; file:///mnt/data/2024 Сравнительная политика Вертикаль и патронаж.pdf
prs_gryzlov_boris,Борис Грызлов,person,политический,,,,,аналитический,политический;research_overlay,Персоналия добавлена как участник кейсов ротации и/или патронажа в статье 2024 года; текущая официальная роль в этом слое не нормализуется.,https://cyberleninka.ru/article/n/vertikal-i-patronazh-rotatsii-silovyh-elit-v-regionah-rossii ; file:///mnt/data/2024 Сравнительная политика Вертикаль и патронаж.pdf
prs_nurgaliev_rashid,Рашид Нургалиев,person,силовой,,,,,аналитический,силовой;research_overlay,Персоналия добавлена как участник кейсов ротации и/или патронажа в статье 2024 года; текущая официальная роль в этом слое не нормализуется.,https://cyberleninka.ru/article/n/vertikal-i-patronazh-rotatsii-silovyh-elit-v-regionah-rossii ; file:///mnt/data/2024 Сравнительная политика Вертикаль и патронаж.pdf
prs_nafikov_ildus,Ильдус Нафиков,person,силовой,,,,,аналитический,силовой;research_overlay,Персоналия добавлена как участник кейсов ротации и/или патронажа в статье 2024 года; текущая официальная роль в этом слое не нормализуется.,https://cyberleninka.ru/article/n/vertikal-i-patronazh-rotatsii-silovyh-elit-v-regionah-rossii ; file:///mnt/data/2024 Сравнительная политика Вертикаль и патронаж.pdf
prs_suyargulov_albert,Альберт Суяргулов,person,силовой,,,,,аналитический,силовой;research_overlay,Персоналия добавлена как участник кейсов ротации и/или патронажа в статье 2024 года; текущая официальная роль в этом слое не нормализуется.,https://cyberleninka.ru/article/n/vertikal-i-patronazh-rotatsii-silovyh-elit-v-regionah-rossii ; file:///mnt/data/2024 Сравнительная политика Вертикаль и патронаж.pdf
prs_alkhanov_ruslan,Руслан Алханов,person,силовой,,,,,аналитический,силовой;research_overlay,Персоналия добавлена как участник кейсов ротации и/или патронажа в статье 2024 года; текущая официальная роль в этом слое не нормализуется.,https://cyberleninka.ru/article/n/vertikal-i-patronazh-rotatsii-silovyh-elit-v-regionah-rossii ; file:///mnt/data/2024 Сравнительная политика Вертикаль и патронаж.pdf
prs_iraskhanov_aslan,Аслан Ирасханов,person,силовой,,,,,аналитический,силовой;research_overlay,Персоналия добавлена как участник кейсов ротации и/или патронажа в статье 2024 года; текущая официальная роль в этом слое не нормализуется.,https://cyberleninka.ru/article/n/vertikal-i-patronazh-rotatsii-silovyh-elit-v-regionah-rossii ; file:///mnt/data/2024 Сравнительная политика Вертикаль и патронаж.pdf
prs_magomedov_abdurashid,Абдурашид Магомедов,person,силовой,,,,,аналитический,силовой;research_overlay,Персоналия добавлена как участник кейсов ротации и/или патронажа в статье 2024 года; текущая официальная роль в этом слое не нормализуется.,https://cyberleninka.ru/article/n/vertikal-i-patronazh-rotatsii-silovyh-elit-v-regionah-rossii ; file:///mnt/data/2024 Сравнительная политика Вертикаль и патронаж.pdf
prs_hohorin_artem,Артем Хохорин,person,силовой,,,,,аналитический,силовой;research_overlay,Персоналия добавлена как участник кейсов ротации и/или патронажа в статье 2024 года; текущая официальная роль в этом слое не нормализуется.,https://cyberleninka.ru/article/n/vertikal-i-patronazh-rotatsii-silovyh-elit-v-regionah-rossii ; file:///mnt/data/2024 Сравнительная политика Вертикаль и патронаж.pdf
prs_savenkov_yuriy,Юрий Савенков,person,силовой,,,,,аналитический,силовой;research_overlay,Персоналия добавлена как участник кейсов ротации и/или патронажа в статье 2024 года; текущая официальная роль в этом слое не нормализуется.,https://cyberleninka.ru/article/n/vertikal-i-patronazh-rotatsii-silovyh-elit-v-regionah-rossii ; file:///mnt/data/2024 Сравнительная политика Вертикаль и патронаж.pdf
prs_paukov_viktor,Виктор Пауков,person,силовой,,,,,аналитический,силовой;research_overlay,Персоналия добавлена как участник кейсов ротации и/или патронажа в статье 2024 года; текущая официальная роль в этом слое не нормализуется.,https://cyberleninka.ru/article/n/vertikal-i-patronazh-rotatsii-silovyh-elit-v-regionah-rossii ; file:///mnt/data/2024 Сравнительная политика Вертикаль и патронаж.pdf
prs_gavrilin_pavel,Павел Гаврилин,person,силовой,,,,,аналитический,силовой;research_overlay,Персоналия добавлена как участник кейсов ротации и/или патронажа в статье 2024 года; текущая официальная роль в этом слое не нормализуется.,https://cyberleninka.ru/article/n/vertikal-i-patronazh-rotatsii-silovyh-elit-v-regionah-rossii ; file:///mnt/data/2024 Сравнительная политика Вертикаль и патронаж.pdf
prs_yakunin_anatoly,Анатолий Якунин,person,силовой,,,,,аналитический,силовой;research_overlay,Персоналия добавлена как участник кейсов ротации и/или патронажа в статье 2024 года; текущая официальная роль в этом слое не нормализуется.,https://cyberleninka.ru/article/n/vertikal-i-patronazh-rotatsii-silovyh-elit-v-regionah-rossii ; file:///mnt/data/2024 Сравнительная политика Вертикаль и патронаж.pdf
prs_grin_vladimir,Владимир Гринь,person,силовой,,,,,аналитический,силовой;research_overlay,Персоналия добавлена как участник кейсов ротации и/или патронажа в статье 2024 года; текущая официальная роль в этом слое не нормализуется.,https://cyberleninka.ru/article/n/vertikal-i-patronazh-rotatsii-silovyh-elit-v-regionah-rossii ; file:///mnt/data/2024 Сравнительная политика Вертикаль и патронаж.pdf
prs_malinovsky_vladimir,Владимир Малиновский,person,силовой,,,,,аналитический,силовой;research_overlay,Персоналия добавлена как участник кейсов ротации и/или патронажа в статье 2024 года; текущая официальная роль в этом слое не нормализуется.,https://cyberleninka.ru/article/n/vertikal-i-patronazh-rotatsii-silovyh-elit-v-regionah-rossii ; file:///mnt/data/2024 Сравнительная политика Вертикаль и патронаж.pdf
prs_yeremin_sergey,Сергей Еремин,person,силовой,,,,,аналитический,силовой;research_overlay,Персоналия добавлена как участник кейсов ротации и/или патронажа в статье 2024 года; текущая официальная роль в этом слое не нормализуется.,https://cyberleninka.ru/article/n/vertikal-i-patronazh-rotatsii-silovyh-elit-v-regionah-rossii ; file:///mnt/data/2024 Сравнительная политика Вертикаль и патронаж.pdf
prs_golovanev_sergey,Сергей Голованев,person,силовой,,,,,аналитический,силовой;research_overlay,Персоналия добавлена как участник кейсов ротации и/или патронажа в статье 2024 года; текущая официальная роль в этом слое не нормализуется.,https://cyberleninka.ru/article/n/vertikal-i-patronazh-rotatsii-silovyh-elit-v-regionah-rossii ; file:///mnt/data/2024 Сравнительная политика Вертикаль и патронаж.pdf
prs_petrov_valeriy,Валерий Петров,person,силовой,,,,,аналитический,силовой;research_overlay,Персоналия добавлена как участник кейсов ротации и/или патронажа в статье 2024 года; текущая официальная роль в этом слое не нормализуется.,https://cyberleninka.ru/article/n/vertikal-i-patronazh-rotatsii-silovyh-elit-v-regionah-rossii ; file:///mnt/data/2024 Сравнительная политика Вертикаль и патронаж.pdf
prs_kikot_andrey,Андрей Кикоть,person,силовой,,,,,аналитический,силовой;research_overlay,Персоналия добавлена как участник кейсов ротации и/или патронажа в статье 2024 года; текущая официальная роль в этом слое не нормализуется.,https://cyberleninka.ru/article/n/vertikal-i-patronazh-rotatsii-silovyh-elit-v-regionah-rossii ; file:///mnt/data/2024 Сравнительная политика Вертикаль и патронаж.pdf
